#Organism Name,Organism Groups,BioSample,BioProject,Assembly,Level,Size(Mb),GC%,Replicons,Host,CDS,Neighbors,Release Date,GenBank FTP,RefSeq FTP,Replicons
Bat coronavirus BM48-31/BGR/2008,Viruses;Other;Coronaviridae,,,GCA_000887595.1,Complete,0.029276,40.4, Unknown:NC_014470.1/GU190215.1,vertebrates,9,,2010-08-25T00:00:00Z,ftp://ftp.ncbi.nlm.nih.gov/genomes/all/GCA/000/887/595/GCA_000887595.1_ViralProj51751,ftp://ftp.ncbi.nlm.nih.gov/genomes/all/GCF/000/887/595/GCF_000887595.1_ViralProj51751, Unknown:NC_014470.1/GU190215.1
Sparrow coronavirus HKU17,Viruses;Other;Coronaviridae,,,GCA_000868165.1,Complete,0.026083,44.6, Unknown:NC_016992.1/JQ065045.1,vertebrates,9,,2012-03-19T00:00:00Z,ftp://ftp.ncbi.nlm.nih.gov/genomes/all/GCA/000/868/165/GCA_000868165.1_ViralProj17048,ftp://ftp.ncbi.nlm.nih.gov/genomes/all/GCF/000/868/165/GCF_000868165.1_ViralProj17048, Unknown:NC_016992.1/JQ065045.1
Porcine coronavirus HKU15,Viruses;Other;Coronaviridae,,,GCA_002816235.1,Complete,0.025425,43.2,NC_039208.1/JQ065043.2,vertebrates,7,111,2012-03-19T00:00:00Z,ftp://ftp.ncbi.nlm.nih.gov/genomes/all/GCA/002/816/235/GCA_002816235.1_ASM281623v1,ftp://ftp.ncbi.nlm.nih.gov/genomes/all/GCF/002/816/235/GCF_002816235.1_ASM281623v1,NC_039208.1/JQ065043.2
White-eye coronavirus HKU16,Viruses;Other;Coronaviridae,,,GCA_000896875.1,Complete,0.026041,39.8, Unknown:NC_016991.1/JQ065044.1,vertebrates,8,,2012-03-19T00:00:00Z,ftp://ftp.ncbi.nlm.nih.gov/genomes/all/GCA/000/896/875/GCA_000896875.1_ViralProj109273,ftp://ftp.ncbi.nlm.nih.gov/genomes/all/GCF/000/896/875/GCF_000896875.1_ViralProj109273, Unknown:NC_016991.1/JQ065044.1
Magpie-robin coronavirus HKU18,Viruses;Other;Coronaviridae,,,GCA_000894435.1,Complete,0.026689,46.7, Unknown:NC_016993.1/JQ065046.1,vertebrates,9,,2012-03-19T00:00:00Z,ftp://ftp.ncbi.nlm.nih.gov/genomes/all/GCA/000/894/435/GCA_000894435.1_ViralProj109275,ftp://ftp.ncbi.nlm.nih.gov/genomes/all/GCF/000/894/435/GCF_000894435.1_ViralProj109275, Unknown:NC_016993.1/JQ065046.1
Night heron coronavirus HKU19,Viruses;Other;Coronaviridae,,,GCA_000896035.1,Complete,0.026077,38.1, Unknown:NC_016994.1/JQ065047.1,vertebrates,8,,2012-03-19T00:00:00Z,ftp://ftp.ncbi.nlm.nih.gov/genomes/all/GCA/000/896/035/GCA_000896035.1_ViralProj109277,ftp://ftp.ncbi.nlm.nih.gov/genomes/all/GCF/000/896/035/GCF_000896035.1_ViralProj109277, Unknown:NC_016994.1/JQ065047.1
Wigeon coronavirus HKU20,Viruses;Other;Coronaviridae,,,GCA_000895415.1,Complete,0.026227,39.4, Unknown:NC_016995.1/JQ065048.1,vertebrates,10,,2012-03-19T00:00:00Z,ftp://ftp.ncbi.nlm.nih.gov/genomes/all/GCA/000/895/415/GCA_000895415.1_ViralProj109279,ftp://ftp.ncbi.nlm.nih.gov/genomes/all/GCF/000/895/415/GCF_000895415.1_ViralProj109279, Unknown:NC_016995.1/JQ065048.1
Common moorhen coronavirus HKU21,Viruses;Other;Coronaviridae,,,GCA_000896895.1,Complete,0.026223,35.1, Unknown:NC_016996.1/JQ065049.1,vertebrates,9,,2012-03-19T00:00:00Z,ftp://ftp.ncbi.nlm.nih.gov/genomes/all/GCA/000/896/895/GCA_000896895.1_ViralProj109281,ftp://ftp.ncbi.nlm.nih.gov/genomes/all/GCF/000/896/895/GCF_000896895.1_ViralProj109281, Unknown:NC_016996.1/JQ065049.1
Thrush coronavirus HKU12-600,Viruses;Other;Coronaviridae,,,GCA_000883335.1,Complete,0.026396,38, Unknown:NC_011549.1/FJ376621.1,vertebrates,9,,2008-11-07T00:00:00Z,ftp://ftp.ncbi.nlm.nih.gov/genomes/all/GCA/000/883/335/GCA_000883335.1_ViralProj32701,ftp://ftp.ncbi.nlm.nih.gov/genomes/all/GCF/000/883/335/GCF_000883335.1_ViralProj32701, Unknown:NC_011549.1/FJ376621.1
Munia coronavirus HKU13-3514,Viruses;Other;Coronaviridae,,,GCA_000880835.1,Complete,0.026552,42.5, Unknown:NC_011550.1/FJ376622.1,vertebrates,9,,2008-11-07T00:00:00Z,ftp://ftp.ncbi.nlm.nih.gov/genomes/all/GCA/000/880/835/GCA_000880835.1_ViralProj32703,ftp://ftp.ncbi.nlm.nih.gov/genomes/all/GCF/000/880/835/GCF_000880835.1_ViralProj32703, Unknown:NC_011550.1/FJ376622.1
Ferret coronavirus,Viruses;Other;Coronaviridae,,,GCA_003971885.1,Complete,0.02855,38.8,LC119077.1,vertebrates,9,,2016-07-20T00:00:00Z,ftp://ftp.ncbi.nlm.nih.gov/genomes/all/GCA/003/971/885/GCA_003971885.1_ASM397188v1,,LC119077.1
Bat coronavirus,Viruses;Other;Coronaviridae,,PRJNA292888,GCA_002118885.1,Complete,0.029642,41.2, Unknown:NC_034440.1/KX574227.1,vertebrates,10,11,2017-04-24T00:00:00Z,ftp://ftp.ncbi.nlm.nih.gov/genomes/all/GCA/002/118/885/GCA_002118885.1_ViralProj385635,ftp://ftp.ncbi.nlm.nih.gov/genomes/all/GCF/002/118/885/GCF_002118885.1_ViralProj385635, Unknown:NC_034440.1/KX574227.1
Bulbul coronavirus HKU11-934,Viruses;Other;Coronaviridae,,,GCA_002816215.1,Complete,0.026487,38.7,NC_011547.1/FJ376619.2,vertebrates,9,1,2008-11-07T00:00:00Z,ftp://ftp.ncbi.nlm.nih.gov/genomes/all/GCA/002/816/215/GCA_002816215.1_ASM281621v1,ftp://ftp.ncbi.nlm.nih.gov/genomes/all/GCF/002/816/215/GCF_002816215.1_ASM281621v1,NC_011547.1/FJ376619.2
unidentified human coronavirus,Viruses;Other;Coronaviridae,,,GCA_002889935.1,Complete,0.004068,35.6,MF996621.1,human,1,,2017-12-20T00:00:00Z,ftp://ftp.ncbi.nlm.nih.gov/genomes/all/GCA/002/889/935/GCA_002889935.1_ASM288993v1,ftp://ftp.ncbi.nlm.nih.gov/genomes/all/GCF/002/889/935/GCF_002889935.1_ASM288993v1,MF996621.1
Porcine coronavirus HKU15,Viruses;Other;Coronaviridae,,,GCA_000895395.2,Complete,0.02543,43.1, Unknown:JQ065042.2,vertebrates,7,,2012-03-19T00:00:00Z,ftp://ftp.ncbi.nlm.nih.gov/genomes/all/GCA/000/895/395/GCA_000895395.2_ViralProj109271,ftp://ftp.ncbi.nlm.nih.gov/genomes/all/GCF/000/895/395/GCF_000895395.2_ViralProj109271, Unknown:JQ065042.2
Human coronavirus 229E,Viruses;Other;Coronaviridae,,,GCA_000853505.1,Complete,0.027317,38.3, Unknown:NC_002645.1/AF304460.1,"human,vertebrates",8,61,2001-01-11T00:00:00Z,ftp://ftp.ncbi.nlm.nih.gov/genomes/all/GCA/000/853/505/GCA_000853505.1_ViralProj14913,ftp://ftp.ncbi.nlm.nih.gov/genomes/all/GCF/000/853/505/GCF_000853505.1_ViralProj14913, Unknown:NC_002645.1/AF304460.1
Porcine epidemic diarrhea virus,Viruses;Other;Coronaviridae,,,GCA_000848685.1,Complete,0.028033,42, Unknown:NC_003436.1/AF353511.1,"invertebrates,vertebrates",6,637,2001-04-23T00:00:00Z,ftp://ftp.ncbi.nlm.nih.gov/genomes/all/GCA/000/848/685/GCA_000848685.1_ViralProj14739,ftp://ftp.ncbi.nlm.nih.gov/genomes/all/GCF/000/848/685/GCF_000848685.1_ViralProj14739, Unknown:NC_003436.1/AF353511.1
Human coronavirus NL63,Viruses;Other;Coronaviridae,,,GCA_000853865.1,Complete,0.027553,34.5, Unknown:NC_005831.2/AY567487.2,human,6,65,2004-03-17T00:00:00Z,ftp://ftp.ncbi.nlm.nih.gov/genomes/all/GCA/000/853/865/GCA_000853865.1_ViralProj14960,ftp://ftp.ncbi.nlm.nih.gov/genomes/all/GCF/000/853/865/GCF_000853865.1_ViralProj14960, Unknown:NC_005831.2/AY567487.2
Human coronavirus HKU1,Viruses;Other;Coronaviridae,,,GCA_000858765.1,Complete,0.029926,32.1, Unknown:NC_006577.2/AY597011.2,human,8,46,2004-12-21T00:00:00Z,ftp://ftp.ncbi.nlm.nih.gov/genomes/all/GCA/000/858/765/GCA_000858765.1_ViralProj15139,ftp://ftp.ncbi.nlm.nih.gov/genomes/all/GCF/000/858/765/GCF_000858765.1_ViralProj15139, Unknown:NC_006577.2/AY597011.2
Scotophilus bat coronavirus 512,Viruses;Other;Coronaviridae,,,GCA_000870985.1,Complete,0.028203,40.1, Unknown:NC_009657.1/DQ648858.1,vertebrates,6,,2006-07-19T00:00:00Z,ftp://ftp.ncbi.nlm.nih.gov/genomes/all/GCA/000/870/985/GCA_000870985.1_ViralProj20135,ftp://ftp.ncbi.nlm.nih.gov/genomes/all/GCF/000/870/985/GCF_000870985.1_ViralProj20135, Unknown:NC_009657.1/DQ648858.1
Rhinolophus bat coronavirus HKU2,Viruses;Other;Coronaviridae,,,GCA_000875645.1,Complete,0.027165,39.3, Unknown:NC_009988.1/EF203064.1,vertebrates,8,8,2007-10-09T00:00:00Z,ftp://ftp.ncbi.nlm.nih.gov/genomes/all/GCA/000/875/645/GCA_000875645.1_ViralProj27911,ftp://ftp.ncbi.nlm.nih.gov/genomes/all/GCF/000/875/645/GCF_000875645.1_ViralProj27911, Unknown:NC_009988.1/EF203064.1
Miniopterus bat coronavirus HKU8,Viruses;Other;Coronaviridae,,,GCA_000879875.1,Complete,0.028773,41.8, Unknown:NC_010438.1/EU420139.1,vertebrates,8,4,2008-03-09T00:00:00Z,ftp://ftp.ncbi.nlm.nih.gov/genomes/all/GCA/000/879/875/GCA_000879875.1_ViralProj29245,ftp://ftp.ncbi.nlm.nih.gov/genomes/all/GCF/000/879/875/GCF_000879875.1_ViralProj29245, Unknown:NC_010438.1/EU420139.1
Beluga whale coronavirus SW1,Viruses;Other;Coronaviridae,,,GCA_000872845.1,Complete,0.031686,39.2, Unknown:NC_010646.1/EU111742.1,vertebrates,14,3,2008-04-08T00:00:00Z,ftp://ftp.ncbi.nlm.nih.gov/genomes/all/GCA/000/872/845/GCA_000872845.1_ViralProj29509,ftp://ftp.ncbi.nlm.nih.gov/genomes/all/GCF/000/872/845/GCF_000872845.1_ViralProj29509, Unknown:NC_010646.1/EU111742.1
Bat coronavirus HKU4-1,Viruses;Other;Coronaviridae,,,GCA_000870505.1,Complete,0.030286,37.8, Unknown:NC_009019.1/EF065505.1,vertebrates,9,5,2007-02-07T00:00:00Z,ftp://ftp.ncbi.nlm.nih.gov/genomes/all/GCA/000/870/505/GCA_000870505.1_ViralProj18863,ftp://ftp.ncbi.nlm.nih.gov/genomes/all/GCF/000/870/505/GCF_000870505.1_ViralProj18863, Unknown:NC_009019.1/EF065505.1
Bat coronavirus HKU5-1,Viruses;Other;Coronaviridae,,,GCA_000873025.1,Complete,0.030482,43.2, Unknown:NC_009020.1/EF065509.1,vertebrates,9,4,2007-02-07T00:00:00Z,ftp://ftp.ncbi.nlm.nih.gov/genomes/all/GCA/000/873/025/GCA_000873025.1_ViralProj18865,ftp://ftp.ncbi.nlm.nih.gov/genomes/all/GCF/000/873/025/GCF_000873025.1_ViralProj18865, Unknown:NC_009020.1/EF065509.1
Bat coronavirus HKU9-1,Viruses;Other;Coronaviridae,,,GCA_000868045.1,Complete,0.029114,41, Unknown:NC_009021.1/EF065513.1,vertebrates,8,8,2007-02-07T00:00:00Z,ftp://ftp.ncbi.nlm.nih.gov/genomes/all/GCA/000/868/045/GCA_000868045.1_ViralProj18867,ftp://ftp.ncbi.nlm.nih.gov/genomes/all/GCF/000/868/045/GCF_000868045.1_ViralProj18867, Unknown:NC_009021.1/EF065513.1
Murine hepatitis virus,Viruses;Other;Coronaviridae,,,GCA_003971785.1,Complete,0.031335,41.8,AY700211.1,vertebrates,10,,2004-08-31T00:00:00Z,ftp://ftp.ncbi.nlm.nih.gov/genomes/all/GCA/003/971/785/GCA_003971785.1_ASM397178v1,,AY700211.1
Human coronavirus OC43,Viruses;Other;Coronaviridae,,,GCA_003972325.1,Complete,0.030741,36.8,NC_006213.1/AY585228.1,"human,vertebrates",8,306,2004-08-04T00:00:00Z,ftp://ftp.ncbi.nlm.nih.gov/genomes/all/GCA/003/972/325/GCA_003972325.1_ASM397232v1,ftp://ftp.ncbi.nlm.nih.gov/genomes/all/GCF/003/972/325/GCF_003972325.1_ASM397232v1,NC_006213.1/AY585228.1
Rabbit coronavirus HKU14,Viruses;Other;Coronaviridae,,,GCA_000896935.1,Complete,0.0311,37.6, Unknown:NC_017083.1/JN874559.1,vertebrates,11,3,2012-03-26T00:00:00Z,ftp://ftp.ncbi.nlm.nih.gov/genomes/all/GCA/000/896/935/GCA_000896935.1_ViralProj157249,ftp://ftp.ncbi.nlm.nih.gov/genomes/all/GCF/000/896/935/GCF_000896935.1_ViralProj157249, Unknown:NC_017083.1/JN874559.1
Rousettus bat coronavirus HKU10,Viruses;Other;Coronaviridae,,,GCA_000899495.1,Complete,0.028494,38.5, Unknown:NC_018871.1/JQ989270.1,vertebrates,9,7,2012-10-17T00:00:00Z,ftp://ftp.ncbi.nlm.nih.gov/genomes/all/GCA/000/899/495/GCA_000899495.1_ViralProj177902,ftp://ftp.ncbi.nlm.nih.gov/genomes/all/GCF/000/899/495/GCF_000899495.1_ViralProj177902, Unknown:NC_018871.1/JQ989270.1
Bat coronavirus CDPHE15/USA/2006,Viruses;Other;Coronaviridae,,PRJNA260063,GCA_000913415.1,Complete,0.028035,40.8, Unknown:NC_022103.1/KF430219.1,vertebrates,7,1,2013-08-17T00:00:00Z,ftp://ftp.ncbi.nlm.nih.gov/genomes/all/GCA/000/913/415/GCA_000913415.1_ViralProj215863,ftp://ftp.ncbi.nlm.nih.gov/genomes/all/GCF/000/913/415/GCF_000913415.1_ViralProj215863, Unknown:NC_022103.1/KF430219.1
Betacoronavirus Erinaceus/VMC/DEU/2012,Viruses;Other;Coronaviridae,,,GCA_002816175.1,Complete,0.030148,37.5,NC_039207.1/KC545383.1,vertebrates,12,2,2013-10-21T00:00:00Z,ftp://ftp.ncbi.nlm.nih.gov/genomes/all/GCA/002/816/175/GCA_002816175.1_ASM281617v1,ftp://ftp.ncbi.nlm.nih.gov/genomes/all/GCF/002/816/175/GCF_002816175.1_ASM281617v1,NC_039207.1/KC545383.1
Bat Hp-betacoronavirus/Zhejiang2013,Viruses;Other;Coronaviridae,,,GCA_000926915.1,Complete,0.031491,41.3, Unknown:NC_025217.1/KF636752.1,vertebrates,9,,2014-10-01T00:00:00Z,ftp://ftp.ncbi.nlm.nih.gov/genomes/all/GCA/000/926/915/GCA_000926915.1_ViralProj263036,ftp://ftp.ncbi.nlm.nih.gov/genomes/all/GCF/000/926/915/GCF_000926915.1_ViralProj263036, Unknown:NC_025217.1/KF636752.1
Betacoronavirus HKU24,Viruses;Other;Coronaviridae,,,GCA_000930095.1,Complete,0.031249,40.1, Unknown:NC_026011.1/KM349742.1,vertebrates,10,2,2015-01-04T00:00:00Z,ftp://ftp.ncbi.nlm.nih.gov/genomes/all/GCA/000/930/095/GCA_000930095.1_ViralProj271776,ftp://ftp.ncbi.nlm.nih.gov/genomes/all/GCF/000/930/095/GCF_000930095.1_ViralProj271776, Unknown:NC_026011.1/KM349742.1
Swine enteric coronavirus,Viruses;Other;Coronaviridae,,,GCA_001501415.1,Complete,0.028111,38.1, Unknown:NC_028806.1/KR061459.1,vertebrates,9,128,2015-12-13T00:00:00Z,ftp://ftp.ncbi.nlm.nih.gov/genomes/all/GCA/001/501/415/GCA_001501415.1_ViralProj307783,ftp://ftp.ncbi.nlm.nih.gov/genomes/all/GCF/001/501/415/GCF_001501415.1_ViralProj307783, Unknown:NC_028806.1/KR061459.1
BtRf-AlphaCoV/YN2012,Viruses;Other;Coronaviridae,,,GCA_001501755.1,Complete,0.026975,37.8, Unknown:NC_028824.1/KJ473808.1,vertebrates,6,,2015-12-31T00:00:00Z,ftp://ftp.ncbi.nlm.nih.gov/genomes/all/GCA/001/501/755/GCA_001501755.1_ViralProj307855,ftp://ftp.ncbi.nlm.nih.gov/genomes/all/GCF/001/501/755/GCF_001501755.1_ViralProj307855, Unknown:NC_028824.1/KJ473808.1
BtRf-AlphaCoV/HuB2013,Viruses;Other;Coronaviridae,,,GCA_001504755.1,Complete,0.027608,38.3, Unknown:NC_028814.1/KJ473807.1,vertebrates,7,1,2015-12-31T00:00:00Z,ftp://ftp.ncbi.nlm.nih.gov/genomes/all/GCA/001/504/755/GCA_001504755.1_ViralProj307856,ftp://ftp.ncbi.nlm.nih.gov/genomes/all/GCF/001/504/755/GCF_001504755.1_ViralProj307856, Unknown:NC_028814.1/KJ473807.1
BtNv-AlphaCoV/SC2013,Viruses;Other;Coronaviridae,,,GCA_001505415.1,Complete,0.027783,41.8, Unknown:NC_028833.1/KJ473809.1,vertebrates,6,,2015-12-31T00:00:00Z,ftp://ftp.ncbi.nlm.nih.gov/genomes/all/GCA/001/505/415/GCA_001505415.1_ViralProj307857,ftp://ftp.ncbi.nlm.nih.gov/genomes/all/GCF/001/505/415/GCF_001505415.1_ViralProj307857, Unknown:NC_028833.1/KJ473809.1
BtMr-AlphaCoV/SAX2011,Viruses;Other;Coronaviridae,,,GCA_001503155.1,Complete,0.027935,41, Unknown:NC_028811.1/KJ473806.1,vertebrates,6,,2015-12-31T00:00:00Z,ftp://ftp.ncbi.nlm.nih.gov/genomes/all/GCA/001/503/155/GCA_001503155.1_ViralProj307859,ftp://ftp.ncbi.nlm.nih.gov/genomes/all/GCF/001/503/155/GCF_001503155.1_ViralProj307859, Unknown:NC_028811.1/KJ473806.1
Rousettus bat coronavirus,Viruses;Other;Coronaviridae,,,GCA_001725835.1,Complete,0.030161,45.3,NC_030886.1/KU762338.1,vertebrates,10,1,2016-09-03T00:00:00Z,ftp://ftp.ncbi.nlm.nih.gov/genomes/all/GCA/001/725/835/GCA_001725835.1_ViralProj342647,ftp://ftp.ncbi.nlm.nih.gov/genomes/all/GCF/001/725/835/GCF_001725835.1_ViralProj342647,NC_030886.1/KU762338.1
Mink coronavirus strain WD1127,Viruses;Other;Coronaviridae,,,GCA_000919475.1,Complete,0.028941,37.5, Unknown:NC_023760.1/HM245925.1,vertebrates,10,,2010-06-21T00:00:00Z,ftp://ftp.ncbi.nlm.nih.gov/genomes/all/GCA/000/919/475/GCA_000919475.1_ViralProj241029,ftp://ftp.ncbi.nlm.nih.gov/genomes/all/GCF/000/919/475/GCF_000919475.1_ViralProj241029, Unknown:NC_023760.1/HM245925.1
NL63-related bat coronavirus,Viruses;Other;Coronaviridae,,,GCA_003972065.1,Complete,0.028679,42.8,KY073745.1,vertebrates,8,,2016-12-06T00:00:00Z,ftp://ftp.ncbi.nlm.nih.gov/genomes/all/GCA/003/972/065/GCA_003972065.1_ASM397206v1,,KY073745.1
Lucheng Rn rat coronavirus,Viruses;Other;Coronaviridae,,,GCA_001962315.1,Complete,0.028763,40.2, Unknown:NC_032730.1/KF294380.2,vertebrates,5,,2014-10-30T00:00:00Z,ftp://ftp.ncbi.nlm.nih.gov/genomes/all/GCA/001/962/315/GCA_001962315.1_ViralProj361952,ftp://ftp.ncbi.nlm.nih.gov/genomes/all/GCF/001/962/315/GCF_001962315.1_ViralProj361952, Unknown:NC_032730.1/KF294380.2
Coronavirus AcCoV-JC34,Viruses;Other;Coronaviridae,,,GCA_002194405.1,Complete,0.027682,40.1, Unknown:NC_034972.1/KX964649.1,vertebrates,9,,2017-05-31T00:00:00Z,ftp://ftp.ncbi.nlm.nih.gov/genomes/all/GCA/002/194/405/GCA_002194405.1_ViralProj390412,ftp://ftp.ncbi.nlm.nih.gov/genomes/all/GCF/002/194/405/GCF_002194405.1_ViralProj390412, Unknown:NC_034972.1/KX964649.1
Wencheng Sm shrew coronavirus,Viruses;Other;Coronaviridae,,,GCA_002219865.1,Complete,0.025995,32, Unknown:NC_035191.1/KY967717.1,vertebrates,5,8,2017-07-06T00:00:00Z,ftp://ftp.ncbi.nlm.nih.gov/genomes/all/GCA/002/219/865/GCA_002219865.1_ViralProj394320,ftp://ftp.ncbi.nlm.nih.gov/genomes/all/GCF/002/219/865/GCF_002219865.1_ViralProj394320, Unknown:NC_035191.1/KY967717.1
Miniopterus bat coronavirus 1,Viruses;Other;Coronaviridae,,,GCA_000879255.1,Complete,0.028326,38.1, Unknown:NC_010437.1/EU420138.1,vertebrates,7,3,2008-03-09T00:00:00Z,ftp://ftp.ncbi.nlm.nih.gov/genomes/all/GCA/000/879/255/GCA_000879255.1_ViralProj29247,ftp://ftp.ncbi.nlm.nih.gov/genomes/all/GCF/000/879/255/GCF_000879255.1_ViralProj29247, Unknown:NC_010437.1/EU420138.1
NL63-related bat coronavirus,Viruses;Other;Coronaviridae,,,GCA_001904885.1,Complete,0.028363,39.2,NC_032107.1/KY073744.1,vertebrates,8,2,2016-12-06T00:00:00Z,ftp://ftp.ncbi.nlm.nih.gov/genomes/all/GCA/001/904/885/GCA_001904885.1_ViralProj357487,ftp://ftp.ncbi.nlm.nih.gov/genomes/all/GCF/001/904/885/GCF_001904885.1_ViralProj357487,NC_032107.1/KY073744.1
Ferret coronavirus,Viruses;Other;Coronaviridae,,,GCA_001661775.1,Complete,0.028434,39,NC_030292.1/KM347965.1,vertebrates,9,4,2016-06-02T00:00:00Z,ftp://ftp.ncbi.nlm.nih.gov/genomes/all/GCA/001/661/775/GCA_001661775.1_ViralProj325258,ftp://ftp.ncbi.nlm.nih.gov/genomes/all/GCF/001/661/775/GCF_001661775.1_ViralProj325258,NC_030292.1/KM347965.1
Swine enteric coronavirus,Viruses;Other;Coronaviridae,,PRJEB13040,GCA_900078225.1,Complete,0.02805,38.2,LT545990.1,vertebrates,0,,2016-05-14T00:00:00Z,ftp://ftp.ncbi.nlm.nih.gov/genomes/all/GCA/900/078/225/GCA_900078225.1_SeCoV_GER_L00930_2012,,LT545990.1
Betacoronavirus Erinaceus/VMC/DEU/2012,Viruses;Other;Coronaviridae,,,GCA_000912235.1,Complete,0.030175,37.5, Unknown:KC545386.1,vertebrates,12,,2013-10-21T00:00:00Z,ftp://ftp.ncbi.nlm.nih.gov/genomes/all/GCA/000/912/235/GCA_000912235.1_ViralProj226084,ftp://ftp.ncbi.nlm.nih.gov/genomes/all/GCF/000/912/235/GCF_000912235.1_ViralProj226084, Unknown:KC545386.1
Turkey coronavirus,Viruses;Other;Coronaviridae,,,GCA_000880055.1,Complete,0.027657,38.3, Unknown:NC_010800.1/EU095850.1,"human,vertebrates",11,388,2008-05-29T00:00:00Z,ftp://ftp.ncbi.nlm.nih.gov/genomes/all/GCA/000/880/055/GCA_000880055.1_ViralProj30039,ftp://ftp.ncbi.nlm.nih.gov/genomes/all/GCF/000/880/055/GCF_000880055.1_ViralProj30039, Unknown:NC_010800.1/EU095850.1
Murine hepatitis virus,Viruses;Other;Coronaviridae,,,GCA_000862345.1,Complete,0.031357,41.8, Unknown:NC_001846.1/AF029248.1,vertebrates,5,32,1997-11-22T00:00:00Z,ftp://ftp.ncbi.nlm.nih.gov/genomes/all/GCA/000/862/345/GCA_000862345.1_ViralProj15350,ftp://ftp.ncbi.nlm.nih.gov/genomes/all/GCF/000/862/345/GCF_000862345.1_ViralProj15350, Unknown:NC_001846.1/AF029248.1
Porcine epidemic diarrhea virus,Viruses;Other;Coronaviridae,,PRJEB20818,GCA_900188515.1,Complete,0.027998,42,LT897799.1,"invertebrates,vertebrates",6,,2018-02-24T00:00:00Z,ftp://ftp.ncbi.nlm.nih.gov/genomes/all/GCA/900/188/515/GCA_900188515.1_PEDV_GER_L00901-V215_1978,,LT897799.1
Porcine epidemic diarrhea virus,Viruses;Other;Coronaviridae,,PRJEB19039,GCA_900197095.1,Complete,0.028029,41.8,LT900501.1,"invertebrates,vertebrates",6,,2017-08-08T00:00:00Z,ftp://ftp.ncbi.nlm.nih.gov/genomes/all/GCA/900/197/095/GCA_900197095.1_PEDV_GER_L00928-K20_14-03_2014,,LT900501.1
Rat coronavirus Parker,Viruses;Other;Coronaviridae,,,GCA_000886515.1,Complete,0.03125,41.3, Unknown:NC_012936.1/FJ938068.1,vertebrates,10,32,2009-07-11T00:00:00Z,ftp://ftp.ncbi.nlm.nih.gov/genomes/all/GCA/000/886/515/GCA_000886515.1_ViralProj39313,ftp://ftp.ncbi.nlm.nih.gov/genomes/all/GCF/000/886/515/GCF_000886515.1_ViralProj39313, Unknown:NC_012936.1/FJ938068.1
Porcine epidemic diarrhea virus,Viruses;Other;Coronaviridae,,PRJEB19039,GCA_900197105.1,Complete,0.028029,41.8,LT898427.1,"invertebrates,vertebrates",6,,2017-08-08T00:00:00Z,ftp://ftp.ncbi.nlm.nih.gov/genomes/all/GCA/900/197/105/GCA_900197105.1_PEDV_GER_L00927-K20_14-02_2014,,LT898427.1
Porcine epidemic diarrhea virus,Viruses;Other;Coronaviridae,,PRJEB19039,GCA_900197115.1,Complete,0.028009,41.8,LT898426.1,"invertebrates,vertebrates",6,,2017-08-08T00:00:00Z,ftp://ftp.ncbi.nlm.nih.gov/genomes/all/GCA/900/197/115/GCA_900197115.1_PEDV_GER_L00857-K14_14-04_2014,,LT898426.1
Porcine epidemic diarrhea virus,Viruses;Other;Coronaviridae,,PRJEB19039,GCA_900197125.1,Complete,0.028029,41.8,LT898438.1,"invertebrates,vertebrates",6,,2017-08-08T00:00:00Z,ftp://ftp.ncbi.nlm.nih.gov/genomes/all/GCA/900/197/125/GCA_900197125.1_PEDV_GER_L00932-K22_14-04_2014,,LT898438.1
Porcine epidemic diarrhea virus,Viruses;Other;Coronaviridae,,PRJEB19039,GCA_900197135.1,Complete,0.028029,41.8,LT898440.1,"invertebrates,vertebrates",6,,2017-08-08T00:00:00Z,ftp://ftp.ncbi.nlm.nih.gov/genomes/all/GCA/900/197/135/GCA_900197135.1_PEDV_GER_L00931-K22_14-03_2014,,LT898440.1
Porcine epidemic diarrhea virus,Viruses;Other;Coronaviridae,,PRJEB19039,GCA_900197145.1,Complete,0.028029,41.8,LT898420.1,"invertebrates,vertebrates",6,,2017-08-08T00:00:00Z,ftp://ftp.ncbi.nlm.nih.gov/genomes/all/GCA/900/197/145/GCA_900197145.1_PEDV_GER_L01014-K01_15-04_2015,,LT898420.1
Porcine epidemic diarrhea virus,Viruses;Other;Coronaviridae,,PRJEB19039,GCA_900197155.1,Complete,0.028006,41.8,LT898409.1,"invertebrates,vertebrates",6,,2017-08-08T00:00:00Z,ftp://ftp.ncbi.nlm.nih.gov/genomes/all/GCA/900/197/155/GCA_900197155.1_PEDV_GER_L00999-K06_15-07_2015,,LT898409.1
Porcine epidemic diarrhea virus,Viruses;Other;Coronaviridae,,PRJEB19039,GCA_900197165.1,Complete,0.028029,41.8,LT900498.1,"invertebrates,vertebrates",6,,2017-08-08T00:00:00Z,ftp://ftp.ncbi.nlm.nih.gov/genomes/all/GCA/900/197/165/GCA_900197165.1_PEDV_GER_L00907-_K16_14-02_2014,,LT900498.1
Porcine epidemic diarrhea virus,Viruses;Other;Coronaviridae,,PRJEB19039,GCA_900197185.1,Complete,0.02803,41.8,LT898441.1,"invertebrates,vertebrates",6,,2017-08-08T00:00:00Z,ftp://ftp.ncbi.nlm.nih.gov/genomes/all/GCA/900/197/185/GCA_900197185.1_PEDV_AUSTRIA_L01064-M10_15-03_2015,,LT898441.1
Porcine epidemic diarrhea virus,Viruses;Other;Coronaviridae,,PRJEB19039,GCA_900197205.1,Complete,0.028029,41.8,LT898430.1,"invertebrates,vertebrates",6,,2017-08-08T00:00:00Z,ftp://ftp.ncbi.nlm.nih.gov/genomes/all/GCA/900/197/205/GCA_900197205.1_PEDV_GER_L00906-K16_14-01_2014,,LT898430.1
Porcine epidemic diarrhea virus,Viruses;Other;Coronaviridae,,PRJEB19039,GCA_900197225.1,Complete,0.028029,41.8,LT898446.1,"invertebrates,vertebrates",6,,2017-08-08T00:00:00Z,ftp://ftp.ncbi.nlm.nih.gov/genomes/all/GCA/900/197/225/GCA_900197225.1_PEDV_GER_L00933-K22_14-05_2014,,LT898446.1
Porcine epidemic diarrhea virus,Viruses;Other;Coronaviridae,,PRJEB19039,GCA_900197235.1,Complete,0.02803,41.8,LT898411.1,"invertebrates,vertebrates",6,,2017-08-08T00:00:00Z,ftp://ftp.ncbi.nlm.nih.gov/genomes/all/GCA/900/197/235/GCA_900197235.1_PEDV_GER_L01018-K01_15-08_2015,,LT898411.1
Porcine epidemic diarrhea virus,Viruses;Other;Coronaviridae,,PRJEB19039,GCA_900197245.1,Complete,0.02803,41.8,LT898413.1,"invertebrates,vertebrates",6,,2017-08-08T00:00:00Z,ftp://ftp.ncbi.nlm.nih.gov/genomes/all/GCA/900/197/245/GCA_900197245.1_PEDV_GER_L01020-K01_15-10_2015,,LT898413.1
Porcine epidemic diarrhea virus,Viruses;Other;Coronaviridae,,PRJEB19039,GCA_900197275.1,Complete,0.027981,41.7,LT898436.1,"invertebrates,vertebrates",6,,2017-08-08T00:00:00Z,ftp://ftp.ncbi.nlm.nih.gov/genomes/all/GCA/900/197/275/GCA_900197275.1_PEDV_ROMANIA_L01329-K25_15-01_2015,,LT898436.1
Porcine epidemic diarrhea virus,Viruses;Other;Coronaviridae,,PRJEB19039,GCA_900197285.1,Complete,0.027977,41.8,LT898431.1,"invertebrates,vertebrates",6,,2017-08-08T00:00:00Z,ftp://ftp.ncbi.nlm.nih.gov/genomes/all/GCA/900/197/285/GCA_900197285.1_PEDV_GER_L00918-K17_14-01_2014,,LT898431.1
Porcine epidemic diarrhea virus,Viruses;Other;Coronaviridae,,PRJEB19039,GCA_900197295.1,Complete,0.02803,41.8,LT898444.1,"invertebrates,vertebrates",6,,2017-08-08T00:00:00Z,ftp://ftp.ncbi.nlm.nih.gov/genomes/all/GCA/900/197/295/GCA_900197295.1_PEDV_GER_L01420-K06_15-04_2015,,LT898444.1
Porcine epidemic diarrhea virus,Viruses;Other;Coronaviridae,,PRJEB19039,GCA_900197305.1,Complete,0.028029,41.8,LT898410.1,"invertebrates,vertebrates",6,,2017-08-08T00:00:00Z,ftp://ftp.ncbi.nlm.nih.gov/genomes/all/GCA/900/197/305/GCA_900197305.1_PEDV_GER_L00908-K16_14-03_2014,,LT898410.1
Porcine epidemic diarrhea virus,Viruses;Other;Coronaviridae,,PRJEB19039,GCA_900197315.1,Complete,0.02803,41.8,LT898423.1,"invertebrates,vertebrates",6,,2017-08-08T00:00:00Z,ftp://ftp.ncbi.nlm.nih.gov/genomes/all/GCA/900/197/315/GCA_900197315.1_PEDV_GER_L01012_K01_15-02_2015,,LT898423.1
Porcine epidemic diarrhea virus,Viruses;Other;Coronaviridae,,PRJEB19039,GCA_900197325.1,Complete,0.02803,41.8,LT898412.1,"invertebrates,vertebrates",6,,2017-08-08T00:00:00Z,ftp://ftp.ncbi.nlm.nih.gov/genomes/all/GCA/900/197/325/GCA_900197325.1_PEDV_GER_L01019-K01_15-09_2015,,LT898412.1
Porcine epidemic diarrhea virus,Viruses;Other;Coronaviridae,,PRJEB19039,GCA_900197335.1,Complete,0.028028,41.8,LT900500.1,"invertebrates,vertebrates",6,,2017-08-08T00:00:00Z,ftp://ftp.ncbi.nlm.nih.gov/genomes/all/GCA/900/197/335/GCA_900197335.1_PEDV_GER_L00799-_K11_14-01_2014,,LT900500.1
Porcine epidemic diarrhea virus,Viruses;Other;Coronaviridae,,PRJEB19039,GCA_900197345.1,Complete,0.028029,41.8,LT898415.1,"invertebrates,vertebrates",6,,2017-08-08T00:00:00Z,ftp://ftp.ncbi.nlm.nih.gov/genomes/all/GCA/900/197/345/GCA_900197345.1_PEDV_GER_L00926-K20_4-01_2014,,LT898415.1
Porcine epidemic diarrhea virus,Viruses;Other;Coronaviridae,,PRJEB19039,GCA_900197355.1,Complete,0.028023,41.8,LT898417.1,"invertebrates,vertebrates",6,,2017-08-08T00:00:00Z,ftp://ftp.ncbi.nlm.nih.gov/genomes/all/GCA/900/197/355/GCA_900197355.1_PEDV_GER_L00855-K14_14-02_2014,,LT898417.1
Porcine epidemic diarrhea virus,Viruses;Other;Coronaviridae,,PRJEB19039,GCA_900197365.1,Complete,0.027975,41.8,LT898421.1,"invertebrates,vertebrates",6,,2017-08-08T00:00:00Z,ftp://ftp.ncbi.nlm.nih.gov/genomes/all/GCA/900/197/365/GCA_900197365.1_PEDV_GER_L00919-_K17_14-02_2014,,LT898421.1
Porcine epidemic diarrhea virus,Viruses;Other;Coronaviridae,,PRJEB19039,GCA_900197375.1,Complete,0.028008,41.8,LT900502.1,"invertebrates,vertebrates",6,,2017-08-08T00:00:00Z,ftp://ftp.ncbi.nlm.nih.gov/genomes/all/GCA/900/197/375/GCA_900197375.1_PEDV_AUSTRIA_L01062-M10_15-01_2015,,LT900502.1
Porcine epidemic diarrhea virus,Viruses;Other;Coronaviridae,,PRJEB19039,GCA_900197385.1,Complete,0.028013,41.8,LT898416.1,"invertebrates,vertebrates",6,,2017-08-08T00:00:00Z,ftp://ftp.ncbi.nlm.nih.gov/genomes/all/GCA/900/197/385/GCA_900197385.1_PEDV_GER_L01017-K01_15-07_2015,,LT898416.1
Porcine epidemic diarrhea virus,Viruses;Other;Coronaviridae,,PRJEB19039,GCA_900197395.1,Complete,0.02803,41.7,LT898435.1,"invertebrates,vertebrates",6,,2017-08-08T00:00:00Z,ftp://ftp.ncbi.nlm.nih.gov/genomes/all/GCA/900/197/395/GCA_900197395.1_PEDV_ROMANIA_L01330-K25_15-02_2015,,LT898435.1
Porcine epidemic diarrhea virus,Viruses;Other;Coronaviridae,,PRJEB19039,GCA_900197405.1,Complete,0.02803,41.8,LT898445.1,"invertebrates,vertebrates",6,,2017-08-08T00:00:00Z,ftp://ftp.ncbi.nlm.nih.gov/genomes/all/GCA/900/197/405/GCA_900197405.1_PEDV_GER_L00798-_K11_14-02_2014,,LT898445.1
Porcine epidemic diarrhea virus,Viruses;Other;Coronaviridae,,PRJEB19039,GCA_900197415.1,Complete,0.02803,41.8,LT898439.1,"invertebrates,vertebrates",6,,2017-08-08T00:00:00Z,ftp://ftp.ncbi.nlm.nih.gov/genomes/all/GCA/900/197/415/GCA_900197415.1_PEDV_GER_L01059-K07_15-01_2015,,LT898439.1
Porcine epidemic diarrhea virus,Viruses;Other;Coronaviridae,,PRJEB19039,GCA_900197425.1,Complete,0.028026,41.8,LT898414.1,"invertebrates,vertebrates",6,,2017-08-08T00:00:00Z,ftp://ftp.ncbi.nlm.nih.gov/genomes/all/GCA/900/197/425/GCA_900197425.1_PEDV_GER_L01060-K07_15-02_2015,,LT898414.1
Porcine epidemic diarrhea virus,Viruses;Other;Coronaviridae,,PRJEB19039,GCA_900197455.1,Complete,0.02803,41.8,LT900499.1,"invertebrates,vertebrates",6,,2017-08-08T00:00:00Z,ftp://ftp.ncbi.nlm.nih.gov/genomes/all/GCA/900/197/455/GCA_900197455.1_PEDV_GER_L01061-K07_15-03_2015,,LT900499.1
Porcine epidemic diarrhea virus,Viruses;Other;Coronaviridae,,PRJEB19039,GCA_900197475.1,Complete,0.028028,41.8,LT898425.1,"invertebrates,vertebrates",6,,2017-08-08T00:00:00Z,ftp://ftp.ncbi.nlm.nih.gov/genomes/all/GCA/900/197/475/GCA_900197475.1_PEDV_GER_L00998-K06_15-03_2015,,LT898425.1
Porcine epidemic diarrhea virus,Viruses;Other;Coronaviridae,,PRJEB19039,GCA_900197485.1,Complete,0.028029,41.8,LT898432.1,"invertebrates,vertebrates",6,,2017-08-08T00:00:00Z,ftp://ftp.ncbi.nlm.nih.gov/genomes/all/GCA/900/197/485/GCA_900197485.1_PEDV_GER_L01011-K01_15-01_2015,,LT898432.1
Porcine epidemic diarrhea virus,Viruses;Other;Coronaviridae,,PRJEB19039,GCA_900197515.1,Complete,0.028029,41.8,LT898408.1,"invertebrates,vertebrates",6,,2017-08-08T00:00:00Z,ftp://ftp.ncbi.nlm.nih.gov/genomes/all/GCA/900/197/515/GCA_900197515.1_PEDV_GER_L01013-K01_15-03_2015,,LT898408.1
Porcine epidemic diarrhea virus,Viruses;Other;Coronaviridae,,PRJEB19039,GCA_900197535.1,Complete,0.02803,41.8,LT898418.1,"invertebrates,vertebrates",6,,2017-08-08T00:00:00Z,ftp://ftp.ncbi.nlm.nih.gov/genomes/all/GCA/900/197/535/GCA_900197535.1_PEDV_AUSTRIA_L01065-M10_15-04_2015,,LT898418.1
Porcine epidemic diarrhea virus,Viruses;Other;Coronaviridae,,PRJEB19039,GCA_900197545.1,Complete,0.02803,41.8,LT898443.1,"invertebrates,vertebrates",6,,2017-08-08T00:00:00Z,ftp://ftp.ncbi.nlm.nih.gov/genomes/all/GCA/900/197/545/GCA_900197545.1_PEDV_GER_L01015-K01_15-05_2015,,LT898443.1
Porcine epidemic diarrhea virus,Viruses;Other;Coronaviridae,,PRJEB19039,GCA_900197555.1,Complete,0.02803,41.8,LT898433.1,"invertebrates,vertebrates",6,,2017-08-08T00:00:00Z,ftp://ftp.ncbi.nlm.nih.gov/genomes/all/GCA/900/197/555/GCA_900197555.1_PEDV_AUSTRIA_L01063-M10_15-02_2015,,LT898433.1
Porcine epidemic diarrhea virus,Viruses;Other;Coronaviridae,,PRJEB19039,GCA_900197565.1,Complete,0.027995,41.8,LT898447.1,"invertebrates,vertebrates",6,,2017-08-08T00:00:00Z,ftp://ftp.ncbi.nlm.nih.gov/genomes/all/GCA/900/197/565/GCA_900197565.1_PEDV_GER_L00862_2014,,LT898447.1
Porcine epidemic diarrhea virus,Viruses;Other;Coronaviridae,,PRJEB20818,GCA_900205315.1,Complete,0.028061,42,LT906582.1,"invertebrates,vertebrates",6,,2018-02-24T00:00:00Z,ftp://ftp.ncbi.nlm.nih.gov/genomes/all/GCA/900/205/315/GCA_900205315.1_Br1_87_DTU,,LT906582.1
Porcine epidemic diarrhea virus,Viruses;Other;Coronaviridae,,PRJEB20818,GCA_900205335.1,Complete,0.028017,42,LT906620.1,"invertebrates,vertebrates",6,,2018-02-24T00:00:00Z,ftp://ftp.ncbi.nlm.nih.gov/genomes/all/GCA/900/205/335/GCA_900205335.1_CV777_ANSES,,LT906620.1
Porcine epidemic diarrhea virus,Viruses;Other;Coronaviridae,,PRJEB20818,GCA_900205345.1,Complete,0.028026,42,LT905450.1,"invertebrates,vertebrates",6,,2018-02-24T00:00:00Z,ftp://ftp.ncbi.nlm.nih.gov/genomes/all/GCA/900/205/345/GCA_900205345.1_CV777_APHA,,LT905450.1
Porcine epidemic diarrhea virus,Viruses;Other;Coronaviridae,,PRJEB20818,GCA_900205355.1,Complete,0.027945,42,LT905451.1,"invertebrates,vertebrates",6,,2018-02-24T00:00:00Z,ftp://ftp.ncbi.nlm.nih.gov/genomes/all/GCA/900/205/355/GCA_900205355.1_CV777_IZSLER,,LT905451.1
Transmissible gastroenteritis virus,Viruses;Other;Coronaviridae,,,GCA_002985995.1,Complete,0.028586,37.6,NC_038861.1/AJ271965.2,vertebrates,8,128,2000-05-11T00:00:00Z,ftp://ftp.ncbi.nlm.nih.gov/genomes/all/GCA/002/985/995/GCA_002985995.1_ASM298599v1,ftp://ftp.ncbi.nlm.nih.gov/genomes/all/GCF/002/985/995/GCF_002985995.1_ASM298599v1,NC_038861.1/AJ271965.2
Infectious bronchitis virus,Viruses;Other;Coronaviridae,,,GCA_000862965.1,Complete,0.027608,37.9, Unknown:NC_001451.1/M95169.1,"human,vertebrates",10,388,1993-06-12T00:00:00Z,ftp://ftp.ncbi.nlm.nih.gov/genomes/all/GCA/000/862/965/GCA_000862965.1_ViralProj15303,ftp://ftp.ncbi.nlm.nih.gov/genomes/all/GCF/000/862/965/GCF_000862965.1_ViralProj15303, Unknown:NC_001451.1/M95169.1
Severe acute respiratory syndrome-related coronavirus,Viruses;Other;Coronaviridae,,,GCA_000864885.1,Complete,0.029751,40.8, Unknown:NC_004718.3/AY274119.3,"human,vertebrates",14,377,2003-04-14T00:00:00Z,ftp://ftp.ncbi.nlm.nih.gov/genomes/all/GCA/000/864/885/GCA_000864885.1_ViralProj15500,ftp://ftp.ncbi.nlm.nih.gov/genomes/all/GCF/000/864/885/GCF_000864885.1_ViralProj15500, Unknown:NC_004718.3/AY274119.3
Human betacoronavirus 2c EMC/2012,Viruses;Other;Coronaviridae,,,GCA_000901155.1,Complete,0.030119,41.2, Unknown:NC_019843.3/JX869059.2,"human,vertebrates",11,552,2012-09-27T00:00:00Z,ftp://ftp.ncbi.nlm.nih.gov/genomes/all/GCA/000/901/155/GCA_000901155.1_ViralProj183710,ftp://ftp.ncbi.nlm.nih.gov/genomes/all/GCF/000/901/155/GCF_000901155.1_ViralProj183710, Unknown:NC_019843.3/JX869059.2
Betacoronavirus England 1,Viruses;Other;Coronaviridae,,,GCA_002816195.1,Complete,0.030111,41.2,NC_038294.1/KC164505.2,"human,vertebrates",10,552,2012-12-05T00:00:00Z,ftp://ftp.ncbi.nlm.nih.gov/genomes/all/GCA/002/816/195/GCA_002816195.1_ASM281619v1,ftp://ftp.ncbi.nlm.nih.gov/genomes/all/GCF/002/816/195/GCF_002816195.1_ASM281619v1,NC_038294.1/KC164505.2
Camel alphacoronavirus,Viruses;Other;Coronaviridae,,,GCA_001500975.1,Complete,0.027395,38.4, Unknown:NC_028752.1/KT368907.1,"human,vertebrates",7,61,2015-12-17T00:00:00Z,ftp://ftp.ncbi.nlm.nih.gov/genomes/all/GCA/001/500/975/GCA_001500975.1_ViralProj306529,ftp://ftp.ncbi.nlm.nih.gov/genomes/all/GCF/001/500/975/GCF_001500975.1_ViralProj306529, Unknown:NC_028752.1/KT368907.1
Severe acute respiratory syndrome coronavirus 2,Viruses;Other;Coronaviridae,,,GCA_009937885.1,Complete,0.029838,38,MN938384.1,"human,vertebrates",9,,2020-01-24T00:00:00Z,ftp://ftp.ncbi.nlm.nih.gov/genomes/all/GCA/009/937/885/GCA_009937885.1_ASM993788v1,,MN938384.1
Bovine coronavirus,Viruses;Other;Coronaviridae,,,GCA_000862505.1,Complete,0.031028,37.1, Unknown:NC_003045.1/AF391541.1,"human,vertebrates",12,306,2001-08-02T00:00:00Z,ftp://ftp.ncbi.nlm.nih.gov/genomes/all/GCA/000/862/505/GCA_000862505.1_ViralProj15385,ftp://ftp.ncbi.nlm.nih.gov/genomes/all/GCF/000/862/505/GCF_000862505.1_ViralProj15385, Unknown:NC_003045.1/AF391541.1
Feline infectious peritonitis virus,Viruses;Other;Coronaviridae,,,GCA_000856025.1,Complete,0.029355,38.1, Unknown:NC_002306.3/AY994055.1,vertebrates,9,128,2000-05-11T00:00:00Z,ftp://ftp.ncbi.nlm.nih.gov/genomes/all/GCA/000/856/025/GCA_000856025.1_ViralProj15097,ftp://ftp.ncbi.nlm.nih.gov/genomes/all/GCF/000/856/025/GCF_000856025.1_ViralProj15097, Unknown:NC_002306.3/AY994055.1
Severe acute respiratory syndrome coronavirus 2,Viruses;Other;Coronaviridae,,,GCA_009937895.1,Complete,0.029891,38,MN975262.1,"human,vertebrates",10,,2020-01-24T00:00:00Z,ftp://ftp.ncbi.nlm.nih.gov/genomes/all/GCA/009/937/895/GCA_009937895.1_ASM993789v1,,MN975262.1
Severe acute respiratory syndrome coronavirus 2,Viruses;Other;Coronaviridae,,,GCA_009937905.1,Complete,0.029882,38,MN985325.1,"human,vertebrates",10,,2020-01-24T00:00:00Z,ftp://ftp.ncbi.nlm.nih.gov/genomes/all/GCA/009/937/905/GCA_009937905.1_ASM993790v1,,MN985325.1
Severe acute respiratory syndrome coronavirus 2,Viruses;Other;Coronaviridae,,,GCA_009937915.1,Complete,0.029882,38,MN988713.1,"human,vertebrates",10,,2020-01-25T00:00:00Z,ftp://ftp.ncbi.nlm.nih.gov/genomes/all/GCA/009/937/915/GCA_009937915.1_ASM993791v1,,MN988713.1
Severe acute respiratory syndrome coronavirus 2,Viruses;Other;Coronaviridae,,,GCA_009937925.1,Complete,0.029882,38,MN994467.1,"human,vertebrates",10,,2020-01-28T00:00:00Z,ftp://ftp.ncbi.nlm.nih.gov/genomes/all/GCA/009/937/925/GCA_009937925.1_ASM993792v1,,MN994467.1
Severe acute respiratory syndrome coronavirus 2,Viruses;Other;Coronaviridae,,,GCA_009937935.1,Complete,0.029883,38,MN994468.1,"human,vertebrates",10,,2020-01-28T00:00:00Z,ftp://ftp.ncbi.nlm.nih.gov/genomes/all/GCA/009/937/935/GCA_009937935.1_ASM993793v1,,MN994468.1
Severe acute respiratory syndrome coronavirus 2,Viruses;Other;Coronaviridae,,,GCA_009937945.1,Complete,0.029882,38,MN997409.1,"human,vertebrates",10,,2020-01-28T00:00:00Z,ftp://ftp.ncbi.nlm.nih.gov/genomes/all/GCA/009/937/945/GCA_009937945.1_ASM993794v1,,MN997409.1
Severe acute respiratory syndrome coronavirus 2,Viruses;Other;Coronaviridae,,,GCA_009938055.1,Complete,0.029881,38,MN988668.1,"human,vertebrates",5,,2020-01-28T00:00:00Z,ftp://ftp.ncbi.nlm.nih.gov/genomes/all/GCA/009/938/055/GCA_009938055.1_ASM993805v1,,MN988668.1
Severe acute respiratory syndrome coronavirus 2,Viruses;Other;Coronaviridae,,,GCA_009938065.1,Complete,0.029881,38,MN988669.1,"human,vertebrates",5,,2020-01-28T00:00:00Z,ftp://ftp.ncbi.nlm.nih.gov/genomes/all/GCA/009/938/065/GCA_009938065.1_ASM993806v1,,MN988669.1
Severe acute respiratory syndrome coronavirus 2,Viruses;Other;Coronaviridae,,,GCA_009948425.1,Complete,0.029825,38,MN996527.1,"human,vertebrates",10,,2020-01-29T00:00:00Z,ftp://ftp.ncbi.nlm.nih.gov/genomes/all/GCA/009/948/425/GCA_009948425.1_ASM994842v1,,MN996527.1
Severe acute respiratory syndrome coronavirus 2,Viruses;Other;Coronaviridae,,,GCA_009948465.1,Complete,0.029891,38,MN996528.1,"human,vertebrates",10,,2020-01-29T00:00:00Z,ftp://ftp.ncbi.nlm.nih.gov/genomes/all/GCA/009/948/465/GCA_009948465.1_ASM994846v1,,MN996528.1
Severe acute respiratory syndrome coronavirus 2,Viruses;Other;Coronaviridae,,,GCA_009948495.1,Complete,0.029852,38,MN996529.1,"human,vertebrates",10,,2020-01-29T00:00:00Z,ftp://ftp.ncbi.nlm.nih.gov/genomes/all/GCA/009/948/495/GCA_009948495.1_ASM994849v1,,MN996529.1
Severe acute respiratory syndrome coronavirus 2,Viruses;Other;Coronaviridae,,,GCA_009948525.1,Complete,0.029854,38,MN996530.1,"human,vertebrates",10,,2020-01-29T00:00:00Z,ftp://ftp.ncbi.nlm.nih.gov/genomes/all/GCA/009/948/525/GCA_009948525.1_ASM994852v1,,MN996530.1
Severe acute respiratory syndrome coronavirus 2,Viruses;Other;Coronaviridae,,,GCA_009948555.1,Complete,0.029857,38,MN996531.1,"human,vertebrates",10,,2020-01-29T00:00:00Z,ftp://ftp.ncbi.nlm.nih.gov/genomes/all/GCA/009/948/555/GCA_009948555.1_ASM994855v1,,MN996531.1
Severe acute respiratory syndrome coronavirus 2,Viruses;Other;Coronaviridae,,,GCA_009858895.3,Complete,0.029903,38,NC_045512.2/MN908947.3,"human,vertebrates",12,377,2020-01-12T00:00:00Z,ftp://ftp.ncbi.nlm.nih.gov/genomes/all/GCA/009/858/895/GCA_009858895.3_ASM985889v3,ftp://ftp.ncbi.nlm.nih.gov/genomes/all/GCF/009/858/895/GCF_009858895.2_ASM985889v3,NC_045512.2/MN908947.3
